player_id,tier,tier_band,primary_role,churn_flag,total_games,days_since_last,unique_champions,games_per_active_day,win_rate,avg_kda,games_trend,account_level,R_score,F_score,E_score,RFM_total,segment
PLAYER-0001,SILVER,low,JUNGLE,0,64,10,25,2.37,0.422,2.22,-10,745,2,2,3,7,Cooling
PLAYER-0002,PLATINUM,mid,MIDDLE,1,196,21,32,5.6,0.526,3.38,180,733,2,4,4,10,At risk
PLAYER-0003,GOLD,mid,BOTTOM,0,42,17,14,2.21,0.524,2.98,42,553,2,1,2,5,Cooling
PLAYER-0004,GOLD,mid,UTILITY,0,37,5,13,2.31,0.568,3.28,23,129,3,1,2,6,Promising
PLAYER-0005,BRONZE,low,TOP,0,117,0,11,2.44,0.462,2.57,19,139,4,3,2,9,Champions
PLAYER-0006,GOLD,mid,BOTTOM,0,30,58,3,4.29,0.5,5.25,4,57,1,1,1,3,Dormant
PLAYER-0007,EMERALD,mid,MIDDLE,0,124,9,30,4.13,0.5,3.87,34,95,2,3,4,9,At risk
PLAYER-0008,EMERALD,mid,BOTTOM,1,67,3,9,2.23,0.537,3.26,-5,321,3,2,1,6,Promising
PLAYER-0009,PLATINUM,mid,JUNGLE,0,55,4,24,2.29,0.491,2.85,33,428,3,2,3,8,Promising
PLAYER-0010,PLATINUM,mid,MIDDLE,0,48,22,7,2.67,0.625,3.16,22,500,1,1,1,3,Dormant
PLAYER-0011,GOLD,mid,MIDDLE,0,109,8,8,3.11,0.505,4.47,73,380,2,3,1,6,At risk
PLAYER-0012,BRONZE,low,TOP,0,153,2,56,2.78,0.464,3.48,3,496,3,3,4,10,Champions
PLAYER-0013,EMERALD,mid,TOP,0,194,4,22,4.73,0.484,2.38,42,578,3,4,3,10,Champions
PLAYER-0014,PLATINUM,mid,TOP,0,40,4,15,1.67,0.425,1.67,-6,692,3,1,2,6,Promising
PLAYER-0015,GOLD,mid,TOP,0,194,1,26,3.03,0.49,3.08,92,454,4,4,3,11,Champions
PLAYER-0016,PLATINUM,mid,MIDDLE,0,159,0,15,3.24,0.491,3.14,25,893,4,4,2,10,Champions
PLAYER-0017,IRON,low,BOTTOM,0,87,17,5,2.35,0.448,3.37,-9,80,2,2,1,5,Cooling
PLAYER-0018,GOLD,mid,BOTTOM,0,42,8,25,1.91,0.286,1.61,6,395,2,1,3,6,Cooling
PLAYER-0019,GOLD,mid,JUNGLE,0,95,1,20,5.28,0.453,2.96,95,134,4,2,3,9,Promising
PLAYER-0020,SILVER,low,MIDDLE,0,96,4,34,2.46,0.51,1.93,-26,292,3,3,4,10,Champions
PLAYER-0021,PLATINUM,mid,BOTTOM,0,59,11,14,5.36,0.525,2.64,59,40,2,2,2,6,Cooling
PLAYER-0022,BRONZE,low,BOTTOM,0,144,48,40,3.0,0.465,3.41,-132,231,1,3,4,8,At risk
PLAYER-0023,BRONZE,low,MIDDLE,0,107,8,62,2.18,0.43,2.15,-3,382,2,3,4,9,At risk
PLAYER-0024,IRON,low,UTILITY,0,53,1,9,2.52,0.358,2.57,-7,73,4,2,1,7,Promising
PLAYER-0025,SILVER,low,UTILITY,0,113,6,19,2.05,0.496,2.97,5,325,3,3,2,8,Champions
PLAYER-0026,BRONZE,low,TOP,1,72,51,8,3.0,0.458,4.64,-70,77,1,2,1,4,Dormant
PLAYER-0027,EMERALD,mid,BOTTOM,0,204,1,25,3.78,0.49,3.8,118,1072,4,4,3,11,Champions
PLAYER-0028,PLATINUM,mid,BOTTOM,0,55,26,23,1.9,0.509,3.1,13,467,1,2,3,6,Dormant
PLAYER-0029,EMERALD,mid,MIDDLE,0,200,11,6,5.13,0.56,3.14,200,368,2,4,1,7,At risk
PLAYER-0030,IRON,low,BOTTOM,1,57,57,8,3.35,0.368,2.7,-49,373,1,2,1,4,Dormant
PLAYER-0031,PLATINUM,mid,MIDDLE,0,52,34,23,4.0,0.558,3.24,20,35,1,2,3,6,Dormant
PLAYER-0032,EMERALD,mid,JUNGLE,0,75,1,14,5.0,0.453,3.58,11,1328,4,2,2,8,Promising
PLAYER-0033,GOLD,mid,TOP,0,45,24,5,3.75,0.578,3.78,45,104,1,1,1,3,Dormant
PLAYER-0034,PLATINUM,mid,UTILITY,0,147,2,52,2.72,0.51,3.39,-23,448,3,3,4,10,Champions
PLAYER-0035,EMERALD,mid,BOTTOM,0,136,3,42,2.83,0.507,3.27,6,644,3,3,4,10,Champions
PLAYER-0036,EMERALD,mid,TOP,0,100,41,38,5.88,0.54,3.2,-34,113,1,3,4,8,At risk
PLAYER-0037,GOLD,mid,TOP,0,31,13,9,3.1,0.516,2.26,1,77,2,1,1,4,Cooling
PLAYER-0038,GOLD,mid,MIDDLE,0,46,6,17,3.83,0.435,2.15,-40,57,3,1,2,6,Promising
PLAYER-0039,GOLD,mid,JUNGLE,0,34,1,10,2.0,0.735,6.56,34,503,4,1,1,6,Promising
PLAYER-0040,GOLD,mid,UTILITY,0,179,2,11,3.2,0.503,5.0,-63,865,3,4,2,9,Champions
PLAYER-0041,PLATINUM,mid,UTILITY,0,160,31,30,4.85,0.519,2.26,-48,610,1,4,4,9,At risk
PLAYER-0042,PLATINUM,mid,MIDDLE,0,146,11,24,3.17,0.603,2.79,-86,277,2,3,3,8,At risk
PLAYER-0043,PLATINUM,mid,BOTTOM,0,57,1,30,3.0,0.596,2.92,51,406,4,2,4,10,Promising
PLAYER-0044,EMERALD,mid,BOTTOM,1,71,23,21,5.46,0.465,3.74,67,349,1,2,3,6,Dormant
PLAYER-0045,EMERALD,mid,TOP,1,43,57,1,6.14,0.628,4.18,27,689,1,1,1,3,Dormant
PLAYER-0046,BRONZE,low,BOTTOM,0,67,49,18,2.68,0.507,2.24,-39,271,1,2,2,5,Dormant
PLAYER-0047,GOLD,mid,UTILITY,0,45,1,4,1.73,0.511,2.38,-13,236,4,1,1,6,Promising
PLAYER-0048,SILVER,low,UTILITY,0,200,1,25,6.45,0.49,2.62,200,918,4,4,3,11,Champions
PLAYER-0049,EMERALD,mid,MIDDLE,1,160,3,35,5.93,0.531,3.07,112,233,3,4,4,11,Champions
PLAYER-0050,SILVER,low,UTILITY,0,198,1,79,3.6,0.48,2.86,88,662,4,4,4,12,Champions
PLAYER-0051,PLATINUM,mid,MIDDLE,0,119,11,35,3.97,0.445,3.15,-77,452,2,3,4,9,At risk
PLAYER-0052,PLATINUM,mid,BOTTOM,0,60,1,21,3.75,0.5,4.05,42,56,4,2,3,9,Promising
PLAYER-0053,GOLD,mid,JUNGLE,0,38,3,25,1.9,0.579,2.15,-4,517,3,1,3,7,Promising
PLAYER-0054,BRONZE,low,JUNGLE,0,32,26,13,1.78,0.562,4.05,-24,974,1,1,2,4,Dormant
PLAYER-0055,PLATINUM,mid,UTILITY,0,199,2,26,11.71,0.518,5.16,199,84,3,4,3,10,Champions
PLAYER-0056,PLATINUM,mid,UTILITY,0,39,1,8,1.7,0.538,3.41,37,786,4,1,1,6,Promising
PLAYER-0057,PLATINUM,mid,MIDDLE,0,132,1,6,3.3,0.508,3.63,132,422,4,3,1,8,Champions
PLAYER-0058,SILVER,low,TOP,0,31,2,23,1.63,0.387,3.32,-7,381,3,1,3,7,Promising
PLAYER-0059,PLATINUM,mid,TOP,0,60,90,6,2.07,0.533,2.51,-60,573,1,2,1,4,Dormant
PLAYER-0060,EMERALD,mid,TOP,0,125,3,30,3.91,0.488,1.82,119,79,3,3,4,10,Champions
PLAYER-0061,IRON,low,UTILITY,0,55,1,25,3.93,0.382,3.13,-15,91,4,2,3,9,Promising
PLAYER-0062,EMERALD,mid,UTILITY,1,200,18,16,6.9,0.445,4.35,22,270,2,4,2,8,At risk
PLAYER-0063,IRON,low,BOTTOM,1,107,26,3,2.49,0.383,1.73,-3,81,1,3,1,5,At risk
PLAYER-0064,EMERALD,mid,UTILITY,0,193,11,8,4.2,0.534,4.33,3,243,2,4,1,7,At risk
PLAYER-0065,GOLD,mid,BOTTOM,0,196,10,51,6.76,0.485,2.11,-54,515,2,4,4,10,At risk
PLAYER-0066,EMERALD,mid,UTILITY,0,121,13,27,3.67,0.57,4.28,21,261,2,3,3,8,At risk
PLAYER-0067,GOLD,mid,JUNGLE,0,111,2,17,3.0,0.514,5.0,7,242,3,3,2,8,Champions
PLAYER-0068,GOLD,mid,JUNGLE,0,176,2,13,2.29,0.506,3.69,12,561,3,4,2,9,Champions
PLAYER-0069,GOLD,mid,BOTTOM,0,108,1,18,4.15,0.556,2.79,40,855,4,3,2,9,Champions
PLAYER-0070,EMERALD,mid,JUNGLE,1,91,23,14,5.35,0.571,4.11,-53,215,1,2,2,5,Dormant
PLAYER-0071,SILVER,low,JUNGLE,0,80,1,34,3.81,0.462,2.82,80,264,4,2,4,10,Promising
PLAYER-0072,EMERALD,mid,MIDDLE,0,68,1,23,4.0,0.588,3.4,40,43,4,2,3,9,Promising
PLAYER-0073,BRONZE,low,MIDDLE,0,193,2,39,4.39,0.482,3.58,1,305,3,4,4,11,Champions
PLAYER-0074,GOLD,mid,BOTTOM,0,139,45,33,4.48,0.504,4.58,-115,572,1,3,4,8,At risk
PLAYER-0075,PLATINUM,mid,UTILITY,0,130,0,18,2.77,0.485,2.68,4,438,4,3,2,9,Champions
PLAYER-0076,EMERALD,mid,TOP,1,37,10,4,5.29,0.486,3.03,37,81,2,1,1,4,Cooling
PLAYER-0077,EMERALD,mid,UTILITY,0,183,49,15,4.36,0.525,3.56,-127,513,1,4,2,7,At risk
PLAYER-0078,PLATINUM,mid,UTILITY,0,60,20,21,2.73,0.467,5.14,2,520,2,2,3,7,Cooling
PLAYER-0079,PLATINUM,mid,UTILITY,0,130,40,17,3.94,0.508,5.13,22,813,1,3,2,6,At risk
PLAYER-0080,BRONZE,low,MIDDLE,0,189,3,45,4.5,0.524,3.18,189,224,3,4,4,11,Champions
PLAYER-0081,EMERALD,mid,TOP,0,125,1,26,3.68,0.488,3.55,69,585,4,3,3,10,Champions
PLAYER-0082,PLATINUM,mid,JUNGLE,0,203,2,62,2.94,0.483,4.82,-15,700,3,4,4,11,Champions
PLAYER-0083,SILVER,low,TOP,0,61,19,16,3.81,0.426,2.22,33,145,2,2,2,6,Cooling
PLAYER-0084,GOLD,mid,TOP,1,196,24,15,6.53,0.5,2.26,-74,592,1,4,2,7,At risk
PLAYER-0085,PLATINUM,mid,TOP,0,32,18,13,3.56,0.406,2.82,32,547,2,1,2,5,Cooling
PLAYER-0086,GOLD,mid,TOP,0,50,0,29,2.17,0.44,2.81,16,818,4,1,3,8,Promising
PLAYER-0087,SILVER,low,MIDDLE,0,44,6,4,2.32,0.454,1.98,34,332,3,1,1,5,Promising
PLAYER-0088,GOLD,mid,UTILITY,0,207,1,38,5.17,0.498,3.14,207,294,4,4,4,12,Champions
PLAYER-0089,SILVER,low,TOP,0,183,17,66,3.52,0.481,3.31,-9,669,2,4,4,10,At risk
PLAYER-0090,SILVER,low,JUNGLE,0,62,10,33,3.1,0.452,2.73,-52,710,2,2,4,8,Cooling
PLAYER-0091,BRONZE,low,MIDDLE,1,32,1,6,2.46,0.469,3.79,32,71,4,1,1,6,Promising
PLAYER-0092,PLATINUM,mid,MIDDLE,0,198,2,12,4.95,0.495,2.51,46,410,3,4,2,9,Champions
PLAYER-0093,PLATINUM,mid,UTILITY,0,29,1,1,2.07,0.517,5.44,7,531,4,1,1,6,Promising
PLAYER-0094,PLATINUM,mid,MIDDLE,0,70,11,51,3.33,0.529,3.06,48,263,2,2,4,8,Cooling
PLAYER-0095,PLATINUM,mid,MIDDLE,0,105,3,15,3.75,0.419,3.16,87,782,3,3,2,8,Champions
PLAYER-0096,GOLD,mid,TOP,0,202,0,31,3.31,0.49,2.02,96,567,4,4,4,12,Champions
PLAYER-0097,IRON,low,MIDDLE,0,93,28,15,3.72,0.398,1.58,-37,125,1,2,2,5,Dormant
PLAYER-0098,GOLD,mid,MIDDLE,0,102,22,26,3.4,0.48,2.42,-36,341,1,3,3,7,At risk
PLAYER-0099,SILVER,low,TOP,0,99,2,40,2.02,0.444,2.55,13,222,3,3,4,10,Champions
PLAYER-0100,EMERALD,mid,TOP,0,95,37,11,3.8,0.526,2.37,15,526,1,2,2,5,Dormant
PLAYER-0101,BRONZE,low,BOTTOM,0,127,8,48,5.08,0.465,4.78,83,566,2,3,4,9,At risk
PLAYER-0102,GOLD,mid,MIDDLE,1,69,61,28,7.67,0.493,3.49,-59,856,1,2,3,6,Dormant
PLAYER-0103,IRON,low,UTILITY,0,43,10,21,2.69,0.419,1.91,43,214,2,1,3,6,Cooling
PLAYER-0104,PLATINUM,mid,UTILITY,0,48,8,3,3.2,0.562,3.64,18,64,2,1,1,4,Cooling
PLAYER-0105,GOLD,mid,TOP,0,41,1,7,1.52,0.512,3.27,33,390,4,1,1,6,Promising
PLAYER-0106,IRON,low,UTILITY,1,128,5,4,2.91,0.477,3.19,-16,151,3,3,1,7,Champions
PLAYER-0107,SILVER,low,UTILITY,1,42,6,18,3.0,0.381,2.35,-4,72,3,1,2,6,Promising
PLAYER-0108,GOLD,mid,TOP,1,175,26,12,5.0,0.486,3.49,63,556,1,4,2,7,At risk
PLAYER-0109,EMERALD,mid,UTILITY,0,170,0,17,6.07,0.547,5.09,144,577,4,4,2,10,Champions
PLAYER-0110,SILVER,low,TOP,0,45,1,20,1.88,0.489,2.27,-1,768,4,1,3,8,Promising
PLAYER-0111,SILVER,low,TOP,0,29,19,20,1.45,0.586,3.74,-5,646,2,1,3,6,Cooling
PLAYER-0112,BRONZE,low,TOP,0,82,9,2,1.78,0.488,2.79,-52,299,2,2,1,5,Cooling
PLAYER-0113,EMERALD,mid,TOP,0,109,1,7,2.48,0.45,2.85,25,385,4,3,1,8,Champions
PLAYER-0114,SILVER,low,MIDDLE,0,154,3,43,3.5,0.494,2.12,-46,53,3,3,4,10,Champions
PLAYER-0115,SILVER,low,TOP,0,57,3,25,2.38,0.456,1.9,-27,286,3,2,3,8,Promising
PLAYER-0116,SILVER,low,MIDDLE,1,116,7,42,4.46,0.509,2.87,-54,435,2,3,4,9,At risk
PLAYER-0117,SILVER,low,UTILITY,1,134,16,38,3.83,0.463,2.55,134,196,2,3,4,9,At risk
PLAYER-0118,EMERALD,mid,MIDDLE,0,201,1,56,3.35,0.502,4.49,91,205,4,4,4,12,Champions
PLAYER-0119,GOLD,mid,UTILITY,0,120,1,12,2.31,0.458,4.11,18,609,4,3,2,9,Champions
PLAYER-0120,SILVER,low,MIDDLE,0,34,5,7,4.25,0.441,2.87,-26,36,3,1,1,5,Promising
PLAYER-0121,GOLD,mid,BOTTOM,0,76,2,10,2.81,0.447,2.83,-18,124,3,2,1,6,Promising
PLAYER-0122,EMERALD,mid,UTILITY,0,198,11,51,5.82,0.556,3.22,28,268,2,4,4,10,At risk
PLAYER-0123,BRONZE,low,BOTTOM,0,136,1,21,2.62,0.5,2.7,50,139,4,3,3,10,Champions
PLAYER-0124,GOLD,mid,UTILITY,0,198,10,37,5.21,0.505,4.57,124,874,2,4,4,10,At risk
PLAYER-0125,GOLD,mid,TOP,0,96,23,47,6.4,0.521,2.62,96,166,1,3,4,8,At risk
PLAYER-0126,IRON,low,BOTTOM,0,30,10,4,2.73,0.5,2.07,8,358,2,1,1,4,Cooling
PLAYER-0127,EMERALD,mid,JUNGLE,1,197,22,36,4.1,0.513,4.63,-51,367,1,4,4,9,At risk
PLAYER-0128,SILVER,low,BOTTOM,0,195,0,23,8.12,0.503,3.88,195,239,4,4,3,11,Champions
PLAYER-0129,IRON,low,TOP,0,190,4,61,4.22,0.479,1.42,186,160,3,4,4,11,Champions
PLAYER-0130,PLATINUM,mid,MIDDLE,0,51,2,13,2.04,0.51,1.75,-31,325,3,1,2,6,Promising
PLAYER-0131,GOLD,mid,BOTTOM,0,43,1,21,2.39,0.651,3.59,13,54,4,1,3,8,Promising
PLAYER-0132,EMERALD,mid,BOTTOM,1,165,46,27,5.0,0.491,2.81,-77,489,1,4,3,8,At risk
PLAYER-0133,EMERALD,mid,JUNGLE,0,134,2,25,5.83,0.5,3.76,-18,104,3,3,3,9,Champions
PLAYER-0134,EMERALD,mid,UTILITY,1,107,71,12,4.65,0.505,5.0,-107,881,1,3,2,6,At risk
PLAYER-0135,EMERALD,mid,MIDDLE,1,109,57,19,4.95,0.486,3.43,-73,794,1,3,2,6,At risk
PLAYER-0136,PLATINUM,mid,TOP,0,93,50,10,3.72,0.57,2.97,-37,1148,1,2,1,4,Dormant
PLAYER-0137,GOLD,mid,UTILITY,0,195,2,35,2.75,0.446,3.29,-29,850,3,4,4,11,Champions
PLAYER-0138,PLATINUM,mid,BOTTOM,0,110,1,21,1.69,0.464,3.14,26,641,4,3,3,10,Champions
PLAYER-0139,PLATINUM,mid,UTILITY,1,39,28,4,3.9,0.538,5.06,39,579,1,1,1,3,Dormant
PLAYER-0140,SILVER,low,UTILITY,0,60,1,13,2.22,0.533,4.04,14,704,4,2,2,8,Promising
PLAYER-0141,GOLD,mid,MIDDLE,0,199,8,36,6.42,0.442,3.16,199,280,2,4,4,10,At risk
PLAYER-0142,SILVER,low,TOP,0,72,23,19,3.13,0.472,3.9,48,561,1,2,2,5,Dormant
PLAYER-0143,EMERALD,mid,TOP,0,204,1,33,4.08,0.515,3.24,-92,1070,4,4,4,12,Champions
PLAYER-0144,IRON,low,TOP,0,31,9,4,2.21,0.355,1.4,-25,661,2,1,1,4,Cooling
PLAYER-0145,GOLD,mid,JUNGLE,0,49,3,33,4.08,0.51,3.59,41,591,3,1,4,8,Promising
PLAYER-0146,GOLD,mid,UTILITY,0,195,7,1,3.0,0.503,2.26,83,808,2,4,1,7,At risk
PLAYER-0147,BRONZE,low,BOTTOM,0,101,3,37,2.46,0.426,2.72,51,585,3,3,4,10,Champions
PLAYER-0148,BRONZE,low,MIDDLE,0,111,2,24,2.36,0.478,3.41,81,284,3,3,3,9,Champions
PLAYER-0149,EMERALD,mid,UTILITY,1,200,7,21,3.57,0.49,5.64,-46,521,2,4,3,9,At risk
PLAYER-0150,GOLD,mid,MIDDLE,0,106,0,38,3.42,0.538,3.2,50,1087,4,3,4,11,Champions
PLAYER-0151,EMERALD,mid,MIDDLE,0,69,3,10,4.93,0.565,3.4,69,70,3,2,1,6,Promising
PLAYER-0152,EMERALD,mid,JUNGLE,0,43,52,21,4.3,0.419,3.62,5,61,1,1,3,5,Dormant
PLAYER-0153,EMERALD,mid,BOTTOM,1,62,8,19,5.64,0.484,3.52,62,127,2,2,2,6,Cooling
PLAYER-0154,EMERALD,mid,JUNGLE,1,34,54,7,4.25,0.706,8.09,2,67,1,1,1,3,Dormant
PLAYER-0155,SILVER,low,TOP,0,67,1,36,3.35,0.478,2.05,-7,696,4,2,4,10,Promising
PLAYER-0156,EMERALD,mid,UTILITY,0,51,1,37,1.76,0.51,5.0,5,742,4,1,4,9,Promising
PLAYER-0157,EMERALD,mid,BOTTOM,0,197,0,46,5.63,0.436,2.66,151,875,4,4,4,12,Champions
PLAYER-0158,BRONZE,low,BOTTOM,0,44,1,8,1.83,0.432,2.83,-16,330,4,1,1,6,Promising
PLAYER-0159,GOLD,mid,BOTTOM,0,102,2,17,3.92,0.51,4.34,14,83,3,3,2,8,Champions
PLAYER-0160,GOLD,mid,TOP,1,34,7,12,3.78,0.559,4.34,-4,440,2,1,2,5,Cooling
PLAYER-0161,EMERALD,mid,UTILITY,0,147,2,30,3.06,0.483,3.16,127,617,3,3,4,10,Champions
PLAYER-0162,EMERALD,mid,UTILITY,0,38,4,7,2.24,0.395,3.23,-26,963,3,1,1,5,Promising
PLAYER-0163,EMERALD,mid,TOP,1,191,21,9,7.07,0.508,3.81,115,412,2,4,1,7,At risk
PLAYER-0164,BRONZE,low,UTILITY,1,121,16,7,3.67,0.521,3.42,-95,69,2,3,1,6,At risk
PLAYER-0165,EMERALD,mid,JUNGLE,0,110,3,33,3.14,0.564,2.72,96,554,3,3,4,10,Champions
PLAYER-0166,GOLD,mid,TOP,0,190,4,8,3.45,0.542,2.9,-32,108,3,4,1,8,Champions
PLAYER-0167,SILVER,low,MIDDLE,0,67,38,22,5.15,0.433,2.37,-1,673,1,2,3,6,Dormant
PLAYER-0168,PLATINUM,mid,UTILITY,0,78,1,19,3.71,0.474,2.92,76,486,4,2,2,8,Promising
PLAYER-0169,SILVER,low,UTILITY,0,104,41,13,2.04,0.51,2.6,-80,75,1,3,2,6,At risk
PLAYER-0170,IRON,low,UTILITY,0,29,1,2,2.42,0.448,2.32,29,72,4,1,1,6,Promising
PLAYER-0171,BRONZE,low,BOTTOM,0,67,4,25,1.91,0.418,2.48,13,94,3,2,3,8,Promising
PLAYER-0172,SILVER,low,UTILITY,1,194,46,22,6.47,0.484,2.66,-56,492,1,4,3,8,At risk
PLAYER-0173,BRONZE,low,UTILITY,0,80,50,10,2.5,0.512,3.31,-70,559,1,2,1,4,Dormant
PLAYER-0174,GOLD,mid,TOP,0,209,1,30,3.48,0.507,2.28,127,622,4,4,4,12,Champions
PLAYER-0175,EMERALD,mid,TOP,0,178,22,12,8.09,0.545,2.47,-44,324,1,4,2,7,At risk
PLAYER-0176,IRON,low,UTILITY,0,196,1,23,5.3,0.495,5.01,194,828,4,4,3,11,Champions
PLAYER-0177,PLATINUM,mid,BOTTOM,0,42,1,22,4.2,0.476,2.72,-16,475,4,1,3,8,Promising
PLAYER-0178,EMERALD,mid,MIDDLE,1,64,38,13,5.82,0.625,3.48,62,91,1,2,2,5,Dormant
PLAYER-0179,SILVER,low,TOP,0,29,5,11,2.23,0.586,4.21,19,316,3,1,2,6,Promising
PLAYER-0180,EMERALD,mid,JUNGLE,0,78,3,33,2.36,0.462,2.92,-24,418,3,2,4,9,Promising
PLAYER-0181,BRONZE,low,MIDDLE,0,88,1,2,5.87,0.443,3.49,88,187,4,2,1,7,Promising
PLAYER-0182,PLATINUM,mid,TOP,0,101,2,12,2.2,0.584,4.79,51,593,3,3,2,8,Champions
PLAYER-0183,SILVER,low,BOTTOM,0,65,38,17,4.64,0.554,3.73,63,161,1,2,2,5,Dormant
PLAYER-0184,BRONZE,low,MIDDLE,0,31,4,4,2.38,0.419,2.56,1,189,3,1,1,5,Promising
PLAYER-0185,PLATINUM,mid,MIDDLE,0,196,1,27,5.03,0.526,2.67,168,457,4,4,3,11,Champions
PLAYER-0186,GOLD,mid,MIDDLE,0,111,8,28,2.85,0.46,3.04,-79,195,2,3,3,8,At risk
PLAYER-0187,IRON,low,BOTTOM,0,43,17,14,3.58,0.419,2.34,43,66,2,1,2,5,Cooling
PLAYER-0188,IRON,low,UTILITY,0,111,39,32,6.94,0.405,2.88,-43,680,1,3,4,8,At risk
PLAYER-0189,BRONZE,low,BOTTOM,0,193,10,62,3.94,0.513,3.06,27,237,2,4,4,10,At risk
PLAYER-0190,GOLD,mid,MIDDLE,1,118,15,22,3.69,0.441,2.79,46,842,2,3,3,8,At risk
PLAYER-0191,SILVER,low,TOP,1,43,8,23,1.79,0.395,1.86,-1,377,2,1,3,6,Cooling
PLAYER-0192,GOLD,mid,UTILITY,0,58,1,20,2.9,0.534,4.18,-28,610,4,2,3,9,Promising
PLAYER-0193,EMERALD,mid,BOTTOM,0,102,1,13,2.27,0.529,3.02,-60,672,4,3,2,9,Champions
PLAYER-0194,SILVER,low,MIDDLE,0,37,24,11,1.76,0.649,4.67,-1,348,1,1,2,4,Dormant
PLAYER-0195,BRONZE,low,UTILITY,0,193,6,5,5.68,0.492,3.25,193,1971,3,4,1,8,Champions
PLAYER-0196,BRONZE,low,TOP,0,72,1,25,4.5,0.458,2.3,72,239,4,2,3,9,Promising
PLAYER-0197,GOLD,mid,MIDDLE,0,200,1,42,3.12,0.49,2.43,-64,564,4,4,4,12,Champions
PLAYER-0198,PLATINUM,mid,JUNGLE,0,138,2,44,5.52,0.558,3.42,138,88,3,3,4,10,Champions
PLAYER-0199,EMERALD,mid,UTILITY,0,198,2,30,6.6,0.5,3.23,198,367,3,4,4,11,Champions
PLAYER-0200,SILVER,low,BOTTOM,0,184,47,36,3.02,0.5,3.34,-112,377,1,4,4,9,At risk
PLAYER-0201,EMERALD,mid,UTILITY,0,149,1,16,2.98,0.544,3.12,-41,350,4,3,2,9,Champions
PLAYER-0202,PLATINUM,mid,MIDDLE,0,106,2,12,3.53,0.509,3.33,54,513,3,3,2,8,Champions
PLAYER-0203,PLATINUM,mid,BOTTOM,0,39,2,16,2.6,0.436,2.62,39,357,3,1,2,6,Promising
PLAYER-0204,EMERALD,mid,TOP,0,43,24,8,2.53,0.628,1.6,-29,653,1,1,1,3,Dormant
PLAYER-0205,IRON,low,BOTTOM,1,192,3,37,11.29,0.427,1.94,192,145,3,4,4,11,Champions
PLAYER-0206,EMERALD,mid,TOP,1,87,41,8,5.12,0.575,3.17,-79,785,1,2,1,4,Dormant
PLAYER-0207,BRONZE,low,JUNGLE,0,192,1,53,3.92,0.484,3.31,164,515,4,4,4,12,Champions
PLAYER-0208,PLATINUM,mid,BOTTOM,0,55,3,19,4.58,0.527,3.15,17,103,3,2,2,7,Promising
PLAYER-0209,PLATINUM,mid,UTILITY,0,48,1,21,1.85,0.646,3.66,-6,493,4,1,3,8,Promising
PLAYER-0210,SILVER,low,TOP,0,126,17,39,2.47,0.476,3.21,-2,364,2,3,4,9,At risk
PLAYER-0211,EMERALD,mid,BOTTOM,0,54,18,12,6.75,0.482,4.32,-8,227,2,2,2,6,Cooling
PLAYER-0212,SILVER,low,JUNGLE,0,183,6,8,3.1,0.481,4.11,15,281,3,4,1,8,Champions
PLAYER-0213,EMERALD,mid,TOP,0,32,6,3,1.68,0.562,3.18,-20,139,3,1,1,5,Promising
PLAYER-0214,BRONZE,low,UTILITY,0,185,1,56,4.74,0.486,3.56,185,608,4,4,4,12,Champions
PLAYER-0215,SILVER,low,UTILITY,1,74,39,18,3.89,0.527,3.74,-36,627,1,2,2,5,Dormant
PLAYER-0216,IRON,low,BOTTOM,0,195,1,36,2.67,0.462,2.61,143,145,4,4,4,12,Champions
PLAYER-0217,BRONZE,low,MIDDLE,0,193,1,23,4.11,0.503,3.0,193,428,4,4,3,11,Champions
PLAYER-0218,GOLD,mid,JUNGLE,0,151,36,43,5.21,0.477,3.25,59,99,1,3,4,8,At risk
PLAYER-0219,PLATINUM,mid,BOTTOM,0,117,3,20,3.66,0.513,4.74,41,679,3,3,3,9,Champions
PLAYER-0220,PLATINUM,mid,TOP,0,31,3,1,1.63,0.516,3.07,13,751,3,1,1,5,Promising
PLAYER-0221,BRONZE,low,TOP,1,45,25,15,1.73,0.467,2.26,1,607,1,1,2,4,Dormant
PLAYER-0222,SILVER,low,TOP,1,33,22,3,3.67,0.697,3.96,-3,617,1,1,1,3,Dormant
PLAYER-0223,IRON,low,JUNGLE,0,164,3,33,3.42,0.451,3.35,-28,276,3,4,4,11,Champions
PLAYER-0224,EMERALD,mid,TOP,0,91,17,24,4.14,0.516,2.29,-61,358,2,2,3,7,Cooling
PLAYER-0225,EMERALD,mid,JUNGLE,0,126,1,23,2.86,0.46,5.02,114,1092,4,3,3,10,Champions
PLAYER-0226,PLATINUM,mid,MIDDLE,0,90,45,8,3.46,0.533,1.89,-10,827,1,2,1,4,Dormant
PLAYER-0227,EMERALD,mid,JUNGLE,0,164,27,28,4.21,0.53,4.4,-12,795,1,4,3,8,At risk
PLAYER-0228,PLATINUM,mid,BOTTOM,0,192,2,33,4.09,0.49,4.17,144,165,3,4,4,11,Champions
PLAYER-0229,EMERALD,mid,UTILITY,0,61,14,25,2.65,0.443,3.61,-9,944,2,2,3,7,Cooling
PLAYER-0230,PLATINUM,mid,MIDDLE,0,53,6,26,1.89,0.509,3.3,15,347,3,2,3,8,Promising
PLAYER-0231,IRON,low,MIDDLE,0,30,90,7,2.5,0.4,1.61,-30,212,1,1,1,3,Dormant
PLAYER-0232,PLATINUM,mid,UTILITY,0,59,6,20,2.68,0.576,4.64,37,821,3,2,3,8,Promising
PLAYER-0233,EMERALD,mid,MIDDLE,0,39,46,8,3.55,0.487,2.47,-27,896,1,1,1,3,Dormant
PLAYER-0234,EMERALD,mid,JUNGLE,0,36,41,19,6.0,0.5,3.16,34,491,1,1,2,4,Dormant
PLAYER-0235,PLATINUM,mid,BOTTOM,1,62,8,9,3.44,0.613,4.02,30,44,2,2,1,5,Cooling
PLAYER-0236,SILVER,low,MIDDLE,0,130,3,59,3.1,0.523,2.53,-36,815,3,3,4,10,Champions
PLAYER-0237,PLATINUM,mid,BOTTOM,0,31,21,2,2.07,0.645,2.09,5,312,2,1,1,4,Cooling
PLAYER-0238,PLATINUM,mid,TOP,0,49,1,27,3.06,0.449,3.79,37,159,4,1,3,8,Promising
PLAYER-0239,BRONZE,low,JUNGLE,1,58,62,21,2.07,0.362,2.01,-58,299,1,2,3,6,Dormant
PLAYER-0240,PLATINUM,mid,BOTTOM,0,112,0,17,3.29,0.509,3.04,12,839,4,3,2,9,Champions
PLAYER-0241,EMERALD,mid,BOTTOM,0,193,4,19,5.51,0.539,3.09,193,696,3,4,2,9,Champions
PLAYER-0242,EMERALD,mid,BOTTOM,0,130,21,13,4.48,0.577,5.42,-8,114,2,3,2,7,At risk
PLAYER-0243,EMERALD,mid,TOP,0,69,1,27,4.6,0.478,3.31,69,643,4,2,3,9,Promising
PLAYER-0244,EMERALD,mid,TOP,0,195,38,70,5.57,0.497,2.3,-147,579,1,4,4,9,At risk
PLAYER-0245,IRON,low,UTILITY,0,109,42,47,5.74,0.404,0.84,-105,203,1,3,4,8,At risk
PLAYER-0246,BRONZE,low,JUNGLE,1,35,2,7,2.69,0.514,4.44,35,34,3,1,1,5,Promising
PLAYER-0247,IRON,low,MIDDLE,0,200,1,43,3.08,0.46,2.89,-4,184,4,4,4,12,Champions
PLAYER-0248,PLATINUM,mid,JUNGLE,0,38,6,6,3.8,0.605,4.46,-16,593,3,1,1,5,Promising
PLAYER-0249,IRON,low,MIDDLE,0,125,1,10,3.38,0.408,2.22,101,43,4,3,1,8,Champions
PLAYER-0250,EMERALD,mid,MIDDLE,1,124,46,6,5.64,0.597,4.75,44,308,1,3,1,5,At risk
PLAYER-0251,GOLD,mid,TOP,0,33,28,4,2.54,0.636,4.01,-11,613,1,1,1,3,Dormant
PLAYER-0252,IRON,low,JUNGLE,0,31,1,6,2.58,0.419,1.54,23,194,4,1,1,6,Promising
PLAYER-0253,BRONZE,low,UTILITY,0,151,61,12,3.97,0.47,5.13,-151,332,1,3,2,6,At risk
PLAYER-0254,BRONZE,low,UTILITY,0,194,3,10,3.88,0.516,3.29,34,228,3,4,1,8,Champions
PLAYER-0255,PLATINUM,mid,MIDDLE,0,63,5,12,1.7,0.619,2.4,-21,54,3,2,2,7,Promising
PLAYER-0256,PLATINUM,mid,JUNGLE,0,117,10,15,4.18,0.496,3.62,69,347,2,3,2,7,At risk
PLAYER-0257,BRONZE,low,UTILITY,0,195,1,23,3.05,0.492,3.06,-111,733,4,4,3,11,Champions
PLAYER-0258,EMERALD,mid,UTILITY,1,68,3,9,3.24,0.544,3.92,-16,637,3,2,1,6,Promising
PLAYER-0259,SILVER,low,BOTTOM,1,30,52,22,6.0,0.367,3.82,6,672,1,1,3,5,Dormant
PLAYER-0260,SILVER,low,MIDDLE,0,45,1,7,6.43,0.511,2.8,45,320,4,1,1,6,Promising
PLAYER-0261,EMERALD,mid,BOTTOM,0,197,20,35,4.69,0.502,3.73,-65,658,2,4,4,10,At risk
PLAYER-0262,GOLD,mid,TOP,1,59,61,30,3.28,0.61,2.8,-55,86,1,2,4,7,Dormant
PLAYER-0263,IRON,low,BOTTOM,1,32,29,8,2.0,0.312,2.35,2,73,1,1,1,3,Dormant
PLAYER-0264,SILVER,low,TOP,0,96,4,7,3.2,0.562,2.62,-42,91,3,3,1,7,Champions
PLAYER-0265,PLATINUM,mid,MIDDLE,0,103,5,49,3.22,0.544,2.83,17,466,3,3,4,10,Champions
PLAYER-0266,SILVER,low,JUNGLE,1,64,15,10,2.46,0.531,6.29,38,71,2,2,1,5,Cooling
PLAYER-0267,SILVER,low,TOP,1,90,36,18,3.0,0.456,3.28,-30,337,1,2,2,5,Dormant
PLAYER-0268,PLATINUM,mid,UTILITY,0,34,3,7,5.67,0.618,6.68,34,44,3,1,1,5,Promising
PLAYER-0269,EMERALD,mid,TOP,0,98,1,20,2.45,0.551,2.03,20,1006,4,3,3,10,Champions
PLAYER-0270,IRON,low,JUNGLE,0,150,4,14,6.0,0.447,2.86,150,106,3,3,2,8,Champions
PLAYER-0271,EMERALD,mid,TOP,0,200,29,13,10.53,0.475,2.71,142,212,1,4,2,7,At risk
PLAYER-0272,PLATINUM,mid,TOP,0,48,25,23,2.4,0.438,2.73,4,863,1,1,3,5,Dormant
PLAYER-0273,BRONZE,low,TOP,0,72,1,27,2.25,0.542,2.18,38,218,4,2,3,9,Promising
PLAYER-0274,EMERALD,mid,BOTTOM,0,69,32,22,3.29,0.507,3.5,-49,124,1,2,3,6,Dormant
PLAYER-0275,SILVER,low,UTILITY,0,142,1,15,6.17,0.444,4.11,-34,314,4,3,2,9,Champions
PLAYER-0276,EMERALD,mid,UTILITY,0,198,10,24,4.21,0.485,3.5,52,508,2,4,3,9,At risk
PLAYER-0277,EMERALD,mid,JUNGLE,1,59,37,15,3.47,0.61,6.18,-49,118,1,2,2,5,Dormant
PLAYER-0278,IRON,low,UTILITY,0,125,8,20,5.0,0.472,4.75,-5,203,2,3,3,8,At risk
PLAYER-0279,GOLD,mid,TOP,0,33,3,16,1.43,0.546,2.86,-11,663,3,1,2,6,Promising
PLAYER-0280,PLATINUM,mid,BOTTOM,0,110,10,16,1.86,0.518,2.86,-32,692,2,3,2,7,At risk
PLAYER-0281,EMERALD,mid,JUNGLE,0,199,3,50,4.52,0.482,2.81,197,1010,3,4,4,11,Champions
PLAYER-0282,EMERALD,mid,BOTTOM,1,150,10,22,3.66,0.553,4.64,16,533,2,3,3,8,At risk
PLAYER-0283,SILVER,low,UTILITY,1,36,5,2,1.89,0.611,4.13,36,547,3,1,1,5,Promising
PLAYER-0284,PLATINUM,mid,TOP,0,105,51,9,5.25,0.648,3.81,-13,57,1,3,1,5,At risk
PLAYER-0285,EMERALD,mid,BOTTOM,0,36,3,17,3.27,0.583,3.06,26,73,3,1,2,6,Promising
PLAYER-0286,EMERALD,mid,BOTTOM,0,79,1,13,3.04,0.608,4.68,77,159,4,2,2,8,Promising
PLAYER-0287,EMERALD,mid,TOP,1,191,5,48,5.16,0.524,3.3,17,508,3,4,4,11,Champions
PLAYER-0288,GOLD,mid,TOP,0,92,23,39,3.07,0.467,2.82,6,700,1,2,4,7,Dormant
PLAYER-0289,GOLD,mid,MIDDLE,0,147,6,55,5.88,0.524,2.48,45,312,3,3,4,10,Champions
PLAYER-0290,EMERALD,mid,JUNGLE,1,194,26,29,6.06,0.572,4.42,-48,637,1,4,3,8,At risk
PLAYER-0291,BRONZE,low,UTILITY,1,161,24,13,4.03,0.466,3.98,69,118,1,4,2,7,At risk
PLAYER-0292,GOLD,mid,TOP,0,36,9,10,1.64,0.5,3.19,20,242,2,1,1,4,Cooling
PLAYER-0293,PLATINUM,mid,MIDDLE,0,91,1,14,4.14,0.516,2.85,89,246,4,2,2,8,Promising
PLAYER-0294,EMERALD,mid,JUNGLE,0,143,3,20,2.6,0.49,4.73,55,716,3,3,3,9,Champions
PLAYER-0295,IRON,low,BOTTOM,1,29,13,7,1.61,0.448,1.94,-9,298,2,1,1,4,Cooling
PLAYER-0296,EMERALD,mid,MIDDLE,0,43,45,7,2.53,0.581,3.92,-35,499,1,1,1,3,Dormant
PLAYER-0297,SILVER,low,MIDDLE,0,106,12,30,5.3,0.462,2.54,80,651,2,3,4,9,At risk
PLAYER-0298,EMERALD,mid,BOTTOM,0,167,15,14,3.63,0.485,2.56,101,589,2,4,2,8,At risk
PLAYER-0299,SILVER,low,JUNGLE,1,28,9,4,4.0,0.571,4.03,28,377,2,1,1,4,Cooling
PLAYER-0300,BRONZE,low,MIDDLE,0,161,2,18,2.78,0.509,4.24,3,457,3,4,2,9,Champions
PLAYER-0301,PLATINUM,mid,MIDDLE,0,40,19,8,6.67,0.6,4.56,10,601,2,1,1,4,Cooling
PLAYER-0302,SILVER,low,BOTTOM,0,137,3,44,2.63,0.445,2.33,-1,1002,3,3,4,10,Champions
PLAYER-0303,PLATINUM,mid,TOP,0,82,1,23,3.04,0.537,3.74,70,425,4,2,3,9,Promising
PLAYER-0304,PLATINUM,mid,BOTTOM,0,202,1,46,4.21,0.485,2.42,202,182,4,4,4,12,Champions
PLAYER-0305,SILVER,low,TOP,0,167,1,40,3.8,0.431,4.28,143,767,4,4,4,12,Champions
PLAYER-0306,EMERALD,mid,MIDDLE,0,69,9,11,6.9,0.464,2.39,-47,471,2,2,2,6,Cooling
PLAYER-0307,GOLD,mid,BOTTOM,0,198,1,6,3.88,0.515,2.59,106,573,4,4,1,9,Champions
PLAYER-0308,SILVER,low,JUNGLE,0,89,0,45,2.34,0.416,2.9,-9,75,4,2,4,10,Promising
PLAYER-0309,PLATINUM,mid,JUNGLE,0,128,1,10,3.46,0.531,4.44,44,400,4,3,1,8,Champions
PLAYER-0310,EMERALD,mid,MIDDLE,0,105,3,16,2.5,0.581,5.11,-31,393,3,3,2,8,Champions
PLAYER-0311,PLATINUM,mid,UTILITY,1,34,60,11,2.43,0.353,3.52,-24,711,1,1,2,4,Dormant
PLAYER-0312,PLATINUM,mid,MIDDLE,1,56,39,18,3.29,0.643,4.07,2,35,1,2,2,5,Dormant
PLAYER-0313,IRON,low,TOP,0,48,3,6,3.2,0.333,1.8,48,250,3,1,1,5,Promising
PLAYER-0314,EMERALD,mid,MIDDLE,0,163,3,23,3.02,0.515,2.64,-93,1082,3,4,3,10,Champions
PLAYER-0315,GOLD,mid,BOTTOM,0,86,2,43,2.05,0.512,3.29,28,575,3,2,4,9,Promising
PLAYER-0316,IRON,low,MIDDLE,1,83,39,29,2.31,0.422,2.88,-37,142,1,2,3,6,Dormant
PLAYER-0317,SILVER,low,UTILITY,0,58,3,32,2.42,0.483,2.98,8,161,3,2,4,9,Promising
PLAYER-0318,EMERALD,mid,JUNGLE,1,76,11,13,3.04,0.513,4.86,52,635,2,2,2,6,Cooling
PLAYER-0319,GOLD,mid,MIDDLE,0,45,0,25,2.25,0.444,3.41,39,618,4,1,3,8,Promising
PLAYER-0320,EMERALD,mid,JUNGLE,0,208,0,19,3.85,0.529,5.49,208,766,4,4,2,10,Champions
PLAYER-0321,EMERALD,mid,JUNGLE,0,202,1,23,4.04,0.579,4.05,164,603,4,4,3,11,Champions
PLAYER-0322,GOLD,mid,UTILITY,1,196,49,37,4.36,0.515,3.22,-144,869,1,4,4,9,At risk
PLAYER-0323,SILVER,low,BOTTOM,0,200,1,26,3.51,0.47,3.44,16,393,4,4,3,11,Champions
PLAYER-0324,SILVER,low,UTILITY,0,122,1,6,2.49,0.475,5.42,10,787,4,3,1,8,Champions
PLAYER-0325,SILVER,low,MIDDLE,0,122,10,25,3.39,0.492,2.49,76,154,2,3,3,8,At risk
PLAYER-0326,EMERALD,mid,TOP,1,76,49,42,4.75,0.553,3.14,36,604,1,2,4,7,Dormant
PLAYER-0327,PLATINUM,mid,JUNGLE,1,140,28,12,4.67,0.5,4.12,88,227,1,3,2,6,At risk
PLAYER-0328,BRONZE,low,MIDDLE,0,52,1,13,3.47,0.462,2.25,44,98,4,2,2,8,Promising
PLAYER-0329,GOLD,mid,UTILITY,1,65,15,20,3.82,0.708,4.45,-35,215,2,2,3,7,Cooling
PLAYER-0330,IRON,low,JUNGLE,0,186,2,31,6.41,0.478,3.02,186,494,3,4,4,11,Champions
PLAYER-0331,PLATINUM,mid,TOP,0,82,7,47,3.04,0.61,3.09,66,109,2,2,4,8,Cooling
PLAYER-0332,PLATINUM,mid,JUNGLE,1,45,35,6,7.5,0.422,3.1,45,325,1,1,1,3,Dormant
PLAYER-0333,GOLD,mid,UTILITY,0,156,7,27,3.25,0.545,4.37,-40,456,2,3,3,8,At risk
PLAYER-0334,SILVER,low,UTILITY,1,44,34,30,5.5,0.477,3.43,44,356,1,1,4,6,Dormant
PLAYER-0335,EMERALD,mid,BOTTOM,0,50,3,26,3.12,0.44,2.8,-32,574,3,1,3,7,Promising
